mjölk;Mellanmjölk fett 1,5% berikad | Mejeri
vetemjöl;Vetemjöl | Mjöl
ägg;Ägg rått | Ägg, rom, kaviar
rapsolja;Rapsolja | Fett, olja
salt;Salt m. jod | Smaksättare
mjölk;Mellanmjölk fett 1,5% berikad | Mejeri
vetemjöl;Vetemjöl | Mjöl
ägg;Ägg rått | Ägg, rom, kaviar
rapsolja;Rapsolja | Fett, olja
salt;Salt m. jod | Smaksättare
mjölk;Mellanmjölk fett 1,5% berikad | Mejeri
vetemjöl;Vetemjöl | Mjöl
ägg;Ägg rått | Ägg, rom, kaviar
rapsolja;Rapsolja | Fett, olja
salt;Salt m. jod | Smaksättare
mjölk;Mellanmjölk fett 1,5% berikad | Mejeri
vetemjöl;Vetemjöl | Mjöl
ägg;Ägg rått | Ägg, rom, kaviar
rapsolja;Rapsolja | Fett, olja
salt;Salt m. jod | Smaksättare
mjölk;Mellanmjölk fett 1,5% berikad | Mejeri
vetemjöl;Vetemjöl | Mjöl
ägg;Ägg rått | Ägg, rom, kaviar
rapsolja;Rapsolja | Fett, olja
salt;Salt m. jod | Smaksättare
mjölk;Mellanmjölk fett 1,5% berikad | Mejeri
vetemjöl;Vetemjöl | Mjöl
ägg;Ägg rått | Ägg, rom, kaviar
rapsolja;Rapsolja | Fett, olja
salt;Salt m. jod | Smaksättare
mjölk;Mellanmjölk fett 1,5% berikad | Mejeri
vetemjöl;Vetemjöl | Mjöl
ägg;Ägg rått | Ägg, rom, kaviar
rapsolja;Rapsolja | Fett, olja
salt;Salt m. jod | Smaksättare
mjölk;Mellanmjölk fett 1,5% berikad | Mejeri
vetemjöl;Vetemjöl | Mjöl
ägg;Ägg rått | Ägg, rom, kaviar
rapsolja;Rapsolja | Fett, olja
salt;Salt m. jod | Smaksättare
mjölk;Mellanmjölk fett 1,5% berikad | Mejeri
vetemjöl;Vetemjöl | Mjöl
ägg;Ägg rått | Ägg, rom, kaviar
rapsolja;Rapsolja | Fett, olja
salt;Salt m. jod | Smaksättare
mjölk;Mellanmjölk fett 1,5% berikad | Mejeri
vetemjöl;Vetemjöl | Mjöl
ägg;Ägg rått | Ägg, rom, kaviar
rapsolja;Rapsolja | Fett, olja
salt;Salt m. jod | Smaksättare
mjölk;Mellanmjölk fett 1,5% berikad | Mejeri
vetemjöl;Vetemjöl | Mjöl
ägg;Ägg rått | Ägg, rom, kaviar
rapsolja;Rapsolja | Fett, olja
salt;Salt m. jod | Smaksättare
mjölk;Mellanmjölk fett 1,5% berikad | Mejeri
vetemjöl;Vetemjöl | Mjöl
ägg;Ägg rått | Ägg, rom, kaviar
rapsolja;Rapsolja | Fett, olja
salt;Salt m. jod | Smaksättare
mjölk;Mellanmjölk fett 1,5% berikad | Mejeri
vetemjöl;Vetemjöl | Mjöl
ägg;Ägg rått | Ägg, rom, kaviar
rapsolja;Rapsolja | Fett, olja
salt;Salt m. jod | Smaksättare
mjölk;Mellanmjölk fett 1,5% berikad | Mejeri
vetemjöl;Vetemjöl | Mjöl
ägg;Ägg rått | Ägg, rom, kaviar
rapsolja;Rapsolja | Fett, olja
salt;Salt m. jod | Smaksättare
mjölk;Mellanmjölk fett 1,5% berikad | Mejeri
vetemjöl;Vetemjöl | Mjöl
ägg;Ägg rått | Ägg, rom, kaviar
rapsolja;Rapsolja | Fett, olja
salt;Salt m. jod | Smaksättare
mjölk;Mellanmjölk fett 1,5% berikad | Mejeri
vetemjöl;Vetemjöl | Mjöl
ägg;Ägg rått | Ägg, rom, kaviar
rapsolja;Rapsolja | Fett, olja
salt;Salt m. jod | Smaksättare
mjölk;Mellanmjölk fett 1,5% berikad | Mejeri
vetemjöl;Vetemjöl | Mjöl
ägg;Ägg rått | Ägg, rom, kaviar
rapsolja;Rapsolja | Fett, olja
mjölk;Mellanmjölk fett 1,5% berikad | Mejeri
vetemjöl;Vetemjöl | Mjöl
ägg;Ägg rått | Ägg, rom, kaviar
rapsolja;Rapsolja | Fett, olja
salt;Salt m. jod | Smaksättare
mjölk;Mellanmjölk fett 1,5% berikad | Mejeri
vetemjöl;Vetemjöl | Mjöl
ägg;Ägg rått | Ägg, rom, kaviar
rapsolja;Rapsolja | Fett, olja
salt;Salt m. jod | Smaksättare
mjölk;Mellanmjölk fett 1,5% berikad | Mejeri
vetemjöl;Vetemjöl | Mjöl
ägg;Ägg rått | Ägg, rom, kaviar
rapsolja;Rapsolja | Fett, olja
salt;Salt m. jod | Smaksättare
mjölk;Mellanmjölk fett 1,5% berikad | Mejeri
vetemjöl;Vetemjöl | Mjöl
ägg;Ägg rått | Ägg, rom, kaviar
mjölk;Mellanmjölk fett 1,5% berikad | Mejeri
vetemjöl;Vetemjöl | Mjöl
ägg;Ägg rått | Ägg, rom, kaviar
rapsolja;Rapsolja | Fett, olja
salt;Salt m. jod | Smaksättare
mjölk;Mellanmjölk fett 1,5% berikad | Mejeri
vetemjöl;Vetemjöl | Mjöl
ägg;Ägg rått | Ägg, rom, kaviar
rapsolja;Rapsolja | Fett, olja
salt;Salt m. jod | Smaksättare
mjölk;Mellanmjölk fett 1,5% berikad | Mejeri
vetemjöl;Vetemjöl | Mjöl
ägg;Ägg rått | Ägg, rom, kaviar
rapsolja;Rapsolja | Fett, olja
salt;Salt m. jod | Smaksättare
mjölk;Mellanmjölk fett 1,5% berikad | Mejeri
vetemjöl;Vetemjöl | Mjöl
ägg;Ägg rått | Ägg, rom, kaviar
rapsolja;Rapsolja | Fett, olja
salt;Salt m. jod | Smaksättare
mjölk;Mellanmjölk fett 1,5% berikad | Mejeri
vetemjöl;Vetemjöl | Mjöl
ägg;Ägg rått | Ägg, rom, kaviar
rapsolja;Rapsolja | Fett, olja
salt;Salt m. jod | Smaksättare
mjölk;Mellanmjölk fett 1,5% berikad | Mejeri
vetemjöl;Vetemjöl | Mjöl
ägg;Ägg rått | Ägg, rom, kaviar
rapsolja;Rapsolja | Fett, olja
salt;Salt m. jod | Smaksättare
mjölk;Mellanmjölk fett 1,5% berikad | Mejeri
vetemjöl;Vetemjöl | Mjöl
ägg;Ägg rått | Ägg, rom, kaviar
rapsolja;Rapsolja | Fett, olja
salt;Salt m. jod | Smaksättare
mjölk;Mellanmjölk fett 1,5% berikad | Mejeri
vetemjöl;Vetemjöl | Mjöl
ägg;Ägg rått | Ägg, rom, kaviar
rapsolja;Rapsolja | Fett, olja
salt;Salt m. jod | Smaksättare
mjölk;Mellanmjölk fett 1,5% berikad | Mejeri
vetemjöl;Vetemjöl | Mjöl
ägg;Ägg rått | Ägg, rom, kaviar
rapsolja;Rapsolja | Fett, olja
salt;Salt m. jod | Smaksättare
mjölk;Mellanmjölk fett 1,5% berikad | Mejeri
vetemjöl;Vetemjöl | Mjöl
ägg;Ägg rått | Ägg, rom, kaviar
rapsolja;Rapsolja | Fett, olja
salt;Salt m. jod | Smaksättare
mjölk;Mellanmjölk fett 1,5% berikad | Mejeri
vetemjöl;Vetemjöl | Mjöl
ägg;Ägg rått | Ägg, rom, kaviar
rapsolja;Rapsolja | Fett, olja
salt;Salt m. jod | Smaksättare
mjölk;Mellanmjölk fett 1,5% berikad | Mejeri
vetemjöl;Vetemjöl | Mjöl
ägg;Ägg rått | Ägg, rom, kaviar
rapsolja;Rapsolja | Fett, olja
salt;Salt m. jod | Smaksättare
mjölk;Mellanmjölk fett 1,5% berikad | Mejeri
vetemjöl;Vetemjöl | Mjöl
ägg;Ägg rått | Ägg, rom, kaviar
rapsolja;Rapsolja | Fett, olja
salt;Salt m. jod | Smaksättare
mjölk;Mellanmjölk fett 1,5% berikad | Mejeri
vetemjöl;Vetemjöl | Mjöl
ägg;Ägg rått | Ägg, rom, kaviar
rapsolja;Rapsolja | Fett, olja
salt;Salt m. jod | Smaksättare
mjölk;Mellanmjölk fett 1,5% berikad | Mejeri
vetemjöl;Vetemjöl | Mjöl
ägg;Ägg rått | Ägg, rom, kaviar
rapsolja;Rapsolja | Fett, olja
salt;Salt m. jod | Smaksättare
mjölk;Mellanmjölk fett 1,5% berikad | Mejeri
vetemjöl;Vetemjöl | Mjöl
ägg;Ägg rått | Ägg, rom, kaviar
rapsolja;Rapsolja | Fett, olja
salt;Salt m. jod | Smaksättare
mjölk;Mellanmjölk fett 1,5% berikad | Mejeri
vetemjöl;Vetemjöl | Mjöl
ägg;Ägg rått | Ägg, rom, kaviar
rapsolja;Rapsolja | Fett, olja
salt;Salt m. jod | Smaksättare
mjölk;Mellanmjölk fett 1,5% berikad | Mejeri
vetemjöl;Vetemjöl | Mjöl
ägg;Ägg rått | Ägg, rom, kaviar
rapsolja;Rapsolja | Fett, olja
salt;Salt m. jod | Smaksättare
mjölk;Mellanmjölk fett 1,5% berikad | Mejeri
vetemjöl;Vetemjöl | Mjöl
ägg;Ägg rått | Ägg, rom, kaviar
rapsolja;Rapsolja | Fett, olja
salt;Salt m. jod | Smaksättare
mjölk;Mellanmjölk fett 1,5% berikad | Mejeri
vetemjöl;Vetemjöl | Mjöl
ägg;Ägg rått | Ägg, rom, kaviar
rapsolja;Rapsolja | Fett, olja
salt;Salt m. jod | Smaksättare
mjölk;Mellanmjölk fett 1,5% berikad | Mejeri
vetemjöl;Vetemjöl | Mjöl
ägg;Ägg rått | Ägg, rom, kaviar
rapsolja;Rapsolja | Fett, olja
salt;Salt m. jod | Smaksättare
mjölk;Mellanmjölk fett 1,5% berikad | Mejeri
vetemjöl;Vetemjöl | Mjöl
ägg;Ägg rått | Ägg, rom, kaviar
rapsolja;Rapsolja | Fett, olja
salt;Salt m. jod | Smaksättare
mjölk;Mellanmjölk fett 1,5% berikad | Mejeri
vetemjöl;Vetemjöl | Mjöl
ägg;Ägg rått | Ägg, rom, kaviar
rapsolja;Rapsolja | Fett, olja
salt;Salt m. jod | Smaksättare
mjölk;Mellanmjölk fett 1,5% berikad | Mejeri
vetemjöl;Vetemjöl | Mjöl
ägg;Ägg rått | Ägg, rom, kaviar
rapsolja;Rapsolja | Fett, olja
salt;Salt m. jod | Smaksättare
mjölk;Mellanmjölk fett 1,5% berikad | Mejeri
vetemjöl;Vetemjöl | Mjöl
ägg;Ägg rått | Ägg, rom, kaviar
rapsolja;Rapsolja | Fett, olja
salt;Salt m. jod | Smaksättare
mjölk;Mellanmjölk fett 1,5% berikad | Mejeri
vetemjöl;Vetemjöl | Mjöl
ägg;Ägg rått | Ägg, rom, kaviar
rapsolja;Rapsolja | Fett, olja
salt;Salt m. jod | Smaksättare
mjölk;Mellanmjölk fett 1,5% berikad | Mejeri
vetemjöl;Vetemjöl | Mjöl
ägg;Ägg rått | Ägg, rom, kaviar
rapsolja;Rapsolja | Fett, olja
salt;Salt m. jod | Smaksättare
mjölk;Mellanmjölk fett 1,5% berikad | Mejeri
vetemjöl;Vetemjöl | Mjöl
ägg;Ägg rått | Ägg, rom, kaviar
rapsolja;Rapsolja | Fett, olja
salt;Salt m. jod | Smaksättare
mjölk;Mellanmjölk fett 1,5% berikad | Mejeri
vetemjöl;Vetemjöl | Mjöl
ägg;Ägg rått | Ägg, rom, kaviar
rapsolja;Rapsolja | Fett, olja
salt;Salt m. jod | Smaksättare
mjölk;Mellanmjölk fett 1,5% berikad | Mejeri
vetemjöl;Vetemjöl | Mjöl
ägg;Ägg rått | Ägg, rom, kaviar
rapsolja;Rapsolja | Fett, olja
salt;Salt m. jod | Smaksättare
mjölk;Mellanmjölk fett 1,5% berikad | Mejeri
vetemjöl;Vetemjöl | Mjöl
ägg;Ägg rått | Ägg, rom, kaviar
rapsolja;Rapsolja | Fett, olja
salt;Salt m. jod | Smaksättare
mjölk;Mellanmjölk fett 1,5% berikad | Mejeri
vetemjöl;Vetemjöl | Mjöl
ägg;Ägg rått | Ägg, rom, kaviar
rapsolja;Rapsolja | Fett, olja
salt;Salt m. jod | Smaksättare
mjölk;Mellanmjölk fett 1,5% berikad | Mejeri
vetemjöl;Vetemjöl | Mjöl
ägg;Ägg rått | Ägg, rom, kaviar
rapsolja;Rapsolja | Fett, olja
salt;Salt m. jod | Smaksättare
mjölk;Mjölk fett 3% berikad | Mejeri
vetemjöl;Vetemjöl | Mjöl
ägg;Ägg rått | Ägg, rom, kaviar
rapsolja;Rapsolja | Fett, olja
salt;Salt havssalt u. jod | Smaksättare
mjölk;Mjölk fett 3% berikad | Mejeri
vetemjöl;Vetemjöl | Mjöl
ägg;Ägg rått | Ägg, rom, kaviar
rapsolja;Rapsolja | Fett, olja
salt;Salt havssalt u. jod | Smaksättare
mjölk;Mjölk fett 3% berikad | Mejeri
vetemjöl;Vetemjöl | Mjöl
ägg;Ägg rått | Ägg, rom, kaviar
rapsolja;Rapsolja | Fett, olja
salt;Salt havssalt u. jod | Smaksättare
mjölk;Mjölk fett 3% berikad | Mejeri
vetemjöl;Vetemjöl | Mjöl
ägg;Ägg rått | Ägg, rom, kaviar
rapsolja;Rapsolja | Fett, olja
salt;Salt havssalt u. jod | Smaksättare
mjölk;Mjölk fett 3% berikad | Mejeri
vetemjöl;Vetemjöl | Mjöl
ägg;Ägg rått | Ägg, rom, kaviar
rapsolja;Rapsolja | Fett, olja
salt;Salt havssalt u. jod | Smaksättare
mjölk;Mjölk fett 3% berikad | Mejeri
vetemjöl;Vetemjöl | Mjöl
ägg;Ägg rått | Ägg, rom, kaviar
rapsolja;Rapsolja | Fett, olja
salt;Salt havssalt u. jod | Smaksättare
mjölk;Mjölk fett 3% berikad | Mejeri
vetemjöl;Vetemjöl | Mjöl
ägg;Ägg rått | Ägg, rom, kaviar
rapsolja;Rapsolja | Fett, olja
salt;Salt havssalt u. jod | Smaksättare
mjölk;Mellanmjölk fett 1,5% berikad | Mejeri
vetemjöl;Vetemjöl | Mjöl
ägg;Ägg rått | Ägg, rom, kaviar
rapsolja;Rapsolja | Fett, olja
salt;Salt m. jod | Smaksättare
